<?xml version="1.0" encoding="UTF-8"?>
<!DOCTYPE resources PUBLIC "-//GlassFish.org//DTD GlassFish Application Server 3.1 Resource Definitions//EN" "http://glassfish.org/dtds/glassfish-resources_1_5.dtd">
<resources>
  <admin-object-resource enabled="true" jndi-name="jms/minhaFilaNetBeans" object-type="user" res-adapter="jmsra" res-type="javax.jms.Queue">
    <description>minha fila no netbeans</description>
    <property name="Name" value="minhaFilaNetBeans"/>
  </admin-object-resource>
  <admin-object-resource enabled="true" jndi-name="jms/meuTopicoNetBeans" object-type="user" res-adapter="jmsra" res-type="javax.jms.Topic">
    <description>Meu topico Net beans</description>
    <property name="Name" value="meuTopicoNetBeans"/>
  </admin-object-resource>
  <connector-resource enabled="true" jndi-name="jms/minhaConexao" object-type="user" pool-name="jms/minhaConexao-Connection-Pool">
    <description/>
  </connector-resource>
  <connector-resource enabled="true" jndi-name="jms/minhaConexao" object-type="user" pool-name="jms/minhaConexao-Connection-Pool">
    <description>minha conexao</description>
  </connector-resource>
  <connector-resource enabled="true" jndi-name="jms/minhaConexaoNetBeans" object-type="user" pool-name="jms/minhaConexaoNetBeans-Connection-Pool">
    <description/>
  </connector-resource>
  <connector-connection-pool associate-with-thread="false" connection-creation-retry-attempts="0" connection-creation-retry-interval-in-seconds="10" connection-definition-name="javax.jms.ConnectionFactory" connection-leak-reclaim="false" connection-leak-timeout-in-seconds="0" fail-all-connections="false" idle-timeout-in-seconds="300" is-connection-validation-required="false" lazy-connection-association="false" lazy-connection-enlistment="false" match-connections="true" max-connection-usage-count="0" max-pool-size="32" max-wait-time-in-millis="60000" name="jms/minhaConexao-Connection-Pool" ping="false" pool-resize-quantity="2" pooling="true" resource-adapter-name="jmsra" steady-pool-size="8" validate-atmost-once-period-in-seconds="0"/>
  <connector-connection-pool associate-with-thread="false" connection-creation-retry-attempts="0" connection-creation-retry-interval-in-seconds="10" connection-definition-name="javax.jms.ConnectionFactory" connection-leak-reclaim="false" connection-leak-timeout-in-seconds="0" fail-all-connections="false" idle-timeout-in-seconds="300" is-connection-validation-required="false" lazy-connection-association="false" lazy-connection-enlistment="false" match-connections="true" max-connection-usage-count="0" max-pool-size="32" max-wait-time-in-millis="60000" name="jms/minhaConexao-Connection-Pool" ping="false" pool-resize-quantity="2" pooling="true" resource-adapter-name="jmsra" steady-pool-size="8" validate-atmost-once-period-in-seconds="0"/>
  <connector-connection-pool associate-with-thread="false" connection-creation-retry-attempts="0" connection-creation-retry-interval-in-seconds="10" connection-definition-name="javax.jms.ConnectionFactory" connection-leak-reclaim="false" connection-leak-timeout-in-seconds="0" fail-all-connections="false" idle-timeout-in-seconds="300" is-connection-validation-required="false" lazy-connection-association="false" lazy-connection-enlistment="false" match-connections="true" max-connection-usage-count="0" max-pool-size="32" max-wait-time-in-millis="60000" name="jms/minhaConexaoNetBeans-Connection-Pool" ping="false" pool-resize-quantity="2" pooling="true" resource-adapter-name="jmsra" steady-pool-size="8" validate-atmost-once-period-in-seconds="0"/>
</resources>
